test_start,test_end,sharpe,return,drawdown,params
2021-02-08,2021-08-07,1.932588773181459,0.05878443830793034,0.027706520673401624,"{'lookback_period': None, 'fast_window': 50, 'slow_window': 200, 'lookback_window': None, 'entry_threshold': None, 'stop_loss': None, 'reasoning': 'Given an unknown market regime and no technical data, standard and robust parameters are preferred. The 50-day and 200-day Simple Moving Average (SMA) crossover is a widely recognized and tested momentum strategy for broad market indices like SPY. These windows aim to capture intermediate and long-term trends, providing a balanced approach in the absence of specific market insights.'}"
2021-08-07,2022-02-03,0.12534841781364997,0.0038510317187188114,0.09727639105345987,"{'lookback_period': None, 'fast_window': 50, 'slow_window': 200, 'lookback_window': None, 'entry_threshold': None, 'stop_loss': None, 'reasoning': 'Given the unknown market regime and lack of technical data for SPY, a robust and widely recognized momentum strategy based on moving average crossovers is selected. The 50-day and 200-day simple moving averages are standard parameters for identifying medium-to-long term trends and momentum in broad market indices, offering a balance between responsiveness and stability. These parameters are commonly used and have demonstrated efficacy across various market conditions.'}"
2022-02-03,2022-08-02,1.4313561708410933,0.004702287576065833,0.0,"{'lookback_period': None, 'fast_window': 21, 'slow_window': 126, 'lookback_window': None, 'entry_threshold': None, 'stop_loss': None, 'reasoning': 'Given an unknown market regime and no technical data for SPY, standard and robust momentum parameters are selected. A fast window of 21 trading days (approximately 1 month) and a slow window of 126 trading days (approximately 6 months) are commonly used lookback periods for calculating momentum signals. This combination provides a balance between responsiveness to recent trends and stability from longer-term trends, making it a suitable starting point for a broad market ETF like SPY.'}"
2022-08-02,2023-01-29,1.431356170841094,0.002297726629491237,0.0,"{'lookback_period': None, 'fast_window': 50, 'slow_window': 200, 'lookback_window': None, 'entry_threshold': None, 'stop_loss': None, 'reasoning': 'Given an unknown market regime and no technical data, widely accepted and robust parameters are chosen. A 50-day fast window and a 200-day slow window are standard for momentum strategies based on moving average crossovers, providing a balance between responsiveness and stability for trend identification in broad market indices like SPY.'}"
2023-01-29,2023-07-28,3.0690493429619923,0.1757267670118019,0.025965734010317654,"{'lookback_period': None, 'fast_window': 50, 'slow_window': 200, 'lookback_window': None, 'entry_threshold': None, 'stop_loss': None, 'reasoning': 'For SPY, a broad market ETF, the 50-day and 200-day moving averages are classic and robust parameters for a momentum strategy (e.g., a moving average crossover). These windows are widely used to identify intermediate and long-term trends, making them a suitable choice given an unknown market regime and no specific technical data. This approach aims to capture significant trends while avoiding excessive whipsaws.'}"
2023-07-28,2024-01-24,2.687896871689825,0.07286130454587769,0.019740294912703016,"{'lookback_period': None, 'fast_window': 63, 'slow_window': 252, 'lookback_window': None, 'entry_threshold': None, 'stop_loss': None, 'reasoning': 'Given an unknown market regime and no technical data for SPY, a robust and widely accepted intermediate-term momentum strategy is optimal. The 63-day (approximately 3-month) fast window and 252-day (approximately 12-month) slow window are standard parameters for capturing persistent trends in broad market indices like SPY, balancing responsiveness with stability and avoiding excessive noise from very short-term movements. This combination is well-documented in quantitative finance literature for its general efficacy across various market conditions.'}"
2024-01-24,2024-07-22,1.950238206886822,0.08953410118849003,0.05353897910224603,"{'lookback_period': None, 'fast_window': 50, 'slow_window': 200, 'lookback_window': None, 'entry_threshold': None, 'stop_loss': None, 'reasoning': 'Given an unknown market regime and no technical data, standard and robust parameters for a momentum strategy are chosen. A 50-day fast window and a 200-day slow window are widely used for identifying intermediate to long-term trends in broad market indices like SPY, providing a balance between responsiveness and stability. These parameters are generally considered robust across various market conditions.'}"
2024-07-22,2025-01-18,1.202208227462576,0.08434204083406183,0.06719571237338584,"{'fast_window': 25, 'slow_window': 82}"
2025-01-18,2025-07-17,0.14373228937037932,0.004591177975529437,0.09129367959155965,"{'fast_window': 17, 'slow_window': 91}"
